PhraseID,TR,
SV_bPdoqhAPJnqMZwh,,
QID177_QuestionText,"<div class=""dmb-survey-hero""><div class=""dmb-survey-hero__lockup dmb-u-m-b-s""><svg class=""dmb-survey-hero__company-logo"" viewBox=""0 0 74 24"" width=""100%"" height=""100%""><path fill=""#4285F4"" d=""M9.24 8.19v2.46h5.88c-.18 1.38-.64 2.39-1.34 3.1-.86.86-2.2 1.8-4.54 1.8-3.62 0-6.45-2.92-6.45-6.54s2.83-6.54 6.45-6.54c1.95 0 3.38.77 4.43 1.76L15.4 2.5C13.94 1.08 11.98 0 9.24 0 4.28 0 .11 4.04.11 9s4.17 9 9.13 9c2.68 0 4.7-.88 6.28-2.52 1.62-1.62 2.13-3.91 2.13-5.75 0-.57-.04-1.1-.13-1.54H9.24z""></path><path fill=""#EA4335"" d=""M25 6.19c-3.21 0-5.83 2.44-5.83 5.81 0 3.34 2.62 5.81 5.83 5.81s5.83-2.46 5.83-5.81c0-3.37-2.62-5.81-5.83-5.81zm0 9.33c-1.76 0-3.28-1.45-3.28-3.52 0-2.09 1.52-3.52 3.28-3.52s3.28 1.43 3.28 3.52c0 2.07-1.52 3.52-3.28 3.52z""></path><path fill=""#4285F4"" d=""M53.58 7.49h-.09c-.57-.68-1.67-1.3-3.06-1.3C47.53 6.19 45 8.72 45 12c0 3.26 2.53 5.81 5.43 5.81 1.39 0 2.49-.62 3.06-1.32h.09v.81c0 2.22-1.19 3.41-3.1 3.41-1.56 0-2.53-1.12-2.93-2.07l-2.22.92c.64 1.54 2.33 3.43 5.15 3.43 2.99 0 5.52-1.76 5.52-6.05V6.49h-2.42v1zm-2.93 8.03c-1.76 0-3.1-1.5-3.1-3.52 0-2.05 1.34-3.52 3.1-3.52 1.74 0 3.1 1.5 3.1 3.54.01 2.03-1.36 3.5-3.1 3.5z""></path><path fill=""#FBBC05"" d=""M38 6.19c-3.21 0-5.83 2.44-5.83 5.81 0 3.34 2.62 5.81 5.83 5.81s5.83-2.46 5.83-5.81c0-3.37-2.62-5.81-5.83-5.81zm0 9.33c-1.76 0-3.28-1.45-3.28-3.52 0-2.09 1.52-3.52 3.28-3.52s3.28 1.43 3.28 3.52c0 2.07-1.52 3.52-3.28 3.52z""></path><path fill=""#34A853"" d=""M58 .24h2.51v17.57H58z""></path><path fill=""#EA4335"" d=""M68.26 15.52c-1.3 0-2.22-.59-2.82-1.76l7.77-3.21-.26-.66c-.48-1.3-1.96-3.7-4.97-3.7-2.99 0-5.48 2.35-5.48 5.81 0 3.26 2.46 5.81 5.76 5.81 2.66 0 4.2-1.63 4.84-2.57l-1.98-1.32c-.66.96-1.56 1.6-2.86 1.6zm-.18-7.15c1.03 0 1.91.53 2.2 1.28l-5.25 2.17c0-2.44 1.73-3.45 3.05-3.45z""></path></svg><span class=""dmb-survey-hero__product-logo h-c-header__product-logo-text"">➘➘➘Digital Maturity Benchmark➘    ➘➘</span>➘</div><br>➘<h1 class=""dmb-primary-heading h-c-headline h-c-headline--two dmb-u-m-b-s"">${e://Field/company_name}<br>➘➘➘pazarlama olgunluğu değerlendirmesi➘  ➘➘</h1><p class=""h-c-headline h-c-headline--four dmb-u-m-b-s"">➘➘➘Bu derinlemesine değerlendirme veri odaklı pazarlamayı 6 boyutta inceleyen 50 sorudan oluşur. Kuruluşunuzun pazarlama faaliyetleri konusunda bilgiye sahip bir kişi veya grup tarafından doldurulabilir.➘➘➘</p><button class=""dmb-survey-hero__panel-button h-c-button h-c-button--flat"" dmb-side-panel-trigger=""#checklist"">➘➘➘Bilmeniz gerekenler➘➘➘</button><div class=""dmb-collaboration""><div class=""dmb-collaboration__text h-c-footnote"">➘➘➘Proje ortağı➘➘➘</div><div class=""dmb-collaboration__logos dmb-collaboration__logos--large""><img class=""dmb-collaboration__img dmb-collaboration__img--large"" srcset=""${e://Field/static_url}/img/partners/bcg-logo.png 1x,${e://Field/static_url}/img/partners/bcg-logo@2x.png 2x"" src=""${e://Field/static_url}/img/partners/bcg-logo.png"" alt=""BCG logo""></div></div>",
QID178_QuestionText,"<div class=""dmb-survey-hero__instructions""><h2 class=""h-c-headline h-c-headline--subhead"">➘➘➘Değerlendirmeyi doldurmak➘➘➘</h2><p class=""dmb-u-m-b-s"">➘➘➘Siz ilerledikçe cevaplarınız kaydedilir. Ara vermeniz veya belirli bir konuda başkasına danışmanız gerekirse, bıraktığınız yere dönmek için bu linki kullanın. Lütfen başladıktan sonraki 30 gün içinde değerlendirmeyi tamamlayın.➘➘➘</p><h2 class=""h-c-headline h-c-headline--subhead"">➘➘➘Bu değerlendirmeyi paylaşmak ister misiniz?➘➘➘</h2><p class=""dmb-u-m-b-s"">➘➘➘Gereken tüm bilgilere sahipseniz, bu değerlendirmeyi kişisel olarak doldurabilir, takım arkadaşlarınızla iş birliğine gidebilir veya takımınızın diğer üyeleriyle dijital olarak paylaşabilirsiniz.➘➘➘</p><p class=""dmb-u-m-b-s"">➘➘➘Dijital olarak paylaşmak için, size özel değerlendirme linkini aşağıdan kopyalayabilir ve saklayabilirsiniz.➘➘➘</p><div class=""dmb-survey-copy-url""><input id=""dmb-survey-url"" class=""dmb-survey-copy-url__text""><button id=""dmb-copy-btn"" class=""dmb-survey-copy-url__button dmb-outline-button h-c-button"" ng-click=""registrationCtrl.copy()"">➘➘➘Kopyala➘➘➘</button><p id=""dmb-copy-message"" class=""dmb-survey-copy-url__message"">​<span class=""dmb-survey-copy-url__message-text dmb-survey-copy-url__message-text--success"">➘➘➘Kopyalandı!➘➘➘</span><span class=""dmb-survey-copy-url__message-text dmb-survey-copy-url__message-text--error"">➘➘➘Kopyalanamadı.➘➘➘</span></p></div></div>",
QID179_QuestionText,Anket tamamlandıktan sonra sonuçlar hangi adrese gönderilsin?,
QID179_Choice4,E-posta adresinizi girin (zorunlu),
QID179_Choice5,"Rapor, e-posta ile başka kime gönderilsin? (isteğe bağlı)",
QID180_QuestionText,"<div class=""dmb-survey-privacy-policy dmb-u-m-b-s""><p class=""h-u-font-weight-regular"">➘➘➘Raporunuzun oluşturulabilmesi için yanıtlarınızın kullanımını onaylamanız gerekir.➘➘➘</p><p class=""h-c-footnote"">➘➘➘Bu aracı kullanarak, aracın ve aracı kullanarak oluşturduğunuz tüm raporların, belirli bir amaca uygunluk ve hakların ihlal edilmemesi dahil, ancak bunlarla sınırlı kalmamak kaydıyla açık veya zımni garantiler dahil hiçbir garanti olmaksızın, ""olduğu şekilde"" tarafınıza sunulduğunu ve ayrıca raporlarla elde edilen bilgilerin doğruluğu, güvenilirliği veya hatasız olarak sunulacağına dair hiçbir garanti verilmediğini kabul edersiniz. Raporun kullanılmasından doğacak risklerin sorumluluğu tamamen size aittir. Rapordaki bulgulara dayalı olarak gerçekleştireceğiniz tüm işlemlerin takdir yetkisi ve riski tamamen size aittir. Araca gireceğiniz tüm veriler, Google ya da seçili üçüncü taraflar bünyesinde veya bunlar tarafından kullanılmak üzere anonim hale getirilip birleştirilebilir.➘➘➘<a href=""https://policies.google.com/privacy?hl=tr"" target=""_blank"" class=""h-c-inline-link"">➘➘➘Gizlilik & Şartlar➘➘➘</a>.</p></div>",
QID180_Choice1,Google'ın hizmet şartlarını ve gizlilik politikasını kabul ediyorum,
QID181_QuestionText,"<div class=""dmb-side-panel dmb-side-panel--narrow"" dmb-side-panel="""" id=""checklist""><button class=""dmb-side-panel__fab dmb-fab"" dmb-side-panel-close=""""><span class=""dmb-fab__icon""><svg height=""24"" viewbox=""0 0 24 24"" width=""24"" xmlns=""http://www.w3.org/2000/svg""><path d=""M19 6.41L17.59 5 12 10.59 6.41 5 5 6.41 10.59 12 5 17.59 6.41 19 12 13.41 17.59 19 19 17.59 13.41 12z""></path><path d=""M0 0h24v24H0z"" fill=""none""></path></svg></span><span class=""dmb-fab__text"">➘➘➘Kapat➘➘➘</span></button><div class=""dmb-side-panel__inner""><h1 class=""h-c-headline h-c-headline--two"">➘➘➘Bilmeniz gerekenler➘➘➘</h1><p>➘➘➘Bu değerlendirme, size kuruluşunuzun pazarlama stratejisi üzerinde, aşağıdaki konularda sorular soracak:➘➘➘</p><ul class=""dmb-styled-list""><li class=""dmb-styled-list__item dmb-u-m-b-s"">➘➘➘Pazarlama ekibinizin yapısı nasıldır, medya satın alma gibi diğer iç ve dış ekiplerle ne şekilde birlikte çalışır➘➘➘</li><li class=""dmb-styled-list__item dmb-u-m-b-s"">➘➘➘Kullandığınız kanalların her birinde kişiselleştirilmiş mesaj nasıldır➘➘➘</li><li class=""dmb-styled-list__item dmb-u-m-b-s"">➘➘➘Data analizi, içerik yönetimi, içgörü elde etme, reklam teslimi, ölçümleme gibi pazarlama amaçlarında hangi teknoloji platformlarını kullanırsınız➘➘➘</li><li class=""dmb-styled-list__item dmb-u-m-b-s"">➘➘➘Kampanya, reklam ve web sitesi yaratırken veriyi nasıl kullanırsınız➘➘➘</li><li class=""dmb-styled-list__item dmb-u-m-b-s"">➘➘➘Pazarlama kampanyalarınızın kalite ve başarısını nasıl takip edersiniz➘➘➘</li><li class=""dmb-styled-list__item dmb-u-m-b-s"">➘➘➘Ne sıklıkta pazarlama deneyleri veya deneyimleri gerçekleştirirsiniz➘➘➘</li><li class=""dmb-styled-list__item dmb-u-m-b-s"">➘➘➘Hangi pazarlama süreçlerinize otomasyon uygulanmıştır, hangilerine uygulanmamıştır➘➘➘</li><li class=""dmb-styled-list__item dmb-u-m-b-s"">➘➘➘Birincil sahip olduğunuz kanalların yüklenme hızı ve kullanılabilirliği➘➘➘</li><li class=""dmb-styled-list__item dmb-u-m-b-s"">➘➘➘Kitlenizi nasıl oluşturursunuz➘➘➘</li></ul></div></div><div class=""dmb-button-text dmb-button-text--prev"">➘➘➘Önceki➘➘➘</div><div class=""dmb-button-text dmb-button-text--next"">➘➘➘Sonraki➘➘➘</div>",
QID182_QuestionText,"<div class=""dmb-survey-banner""><div class=""dmb-survey-banner__logo""><svg width=""68px"" height=""22px"" viewBox=""0 0 68 22"" xmlns=""http://www.w3.org/2000/svg""><g fill=""none"" fill-rule=""evenodd""><path d=""M8.53 16.814C3.895 16.814 0 13.042 0 8.407 0 3.773 3.896 0 8.53 0c2.563 0 4.388 1.005 5.762 2.317l-1.62 1.62c-.984-.923-2.317-1.64-4.143-1.64-3.382 0-6.027 2.727-6.027 6.11 0 3.383 2.645 6.11 6.027 6.11 2.195 0 3.445-.881 4.245-1.681.656-.656 1.087-1.6 1.25-2.891H8.53V7.648h7.73c.083.41.124.903.124 1.435 0 1.723-.472 3.856-1.989 5.373-1.476 1.538-3.363 2.358-5.865 2.358z"" fill=""#4285F4""></path><path d=""M26.004 11.4c0-1.947-1.39-3.28-3-3.28s-3 1.333-3 3.28c0 1.928 1.39 3.281 3 3.281s3-1.353 3-3.28m2.335 0c0 3.116-2.396 5.413-5.335 5.413s-5.335-2.297-5.335-5.413c0-3.138 2.396-5.413 5.335-5.413 2.94 0 5.335 2.275 5.335 5.413"" fill=""#EA4335""></path><path d=""M37.964 11.4c0-1.947-1.389-3.28-3-3.28-1.61 0-3 1.333-3 3.28 0 1.928 1.39 3.281 3 3.281 1.611 0 3-1.353 3-3.28m2.335 0c0 3.116-2.396 5.413-5.335 5.413-2.94 0-5.335-2.297-5.335-5.413 0-3.138 2.395-5.413 5.335-5.413s5.335 2.275 5.335 5.413"" fill=""#FBBC05""></path><path d=""M49.869 11.421c0-1.906-1.272-3.302-2.891-3.302-1.64 0-3.014 1.396-3.014 3.302 0 1.887 1.374 3.26 3.014 3.26 1.62 0 2.89-1.373 2.89-3.26zm2.091-5.106v9.72c0 3.998-2.358 5.639-5.146 5.639-2.625 0-4.203-1.764-4.798-3.2l2.07-.86c.37.88 1.272 1.927 2.728 1.927 1.783 0 2.891-1.107 2.891-3.178v-.78h-.083c-.533.657-1.558 1.23-2.849 1.23-2.707 0-5.187-2.357-5.187-5.392 0-3.055 2.48-5.434 5.187-5.434 1.291 0 2.316.575 2.85 1.21h.082v-.882h2.255z"" fill=""#4285F4""></path><path fill=""#34A853"" d=""M53.75 16.486h2.379V.574h-2.38z""></path><path d=""M59.8 11.237l4.839-2.01c-.268-.676-1.067-1.148-2.01-1.148-1.21 0-2.89 1.066-2.83 3.158m5.68 1.948l1.845 1.23c-.594.882-2.03 2.399-4.51 2.399-3.075 0-5.297-2.379-5.297-5.413 0-3.22 2.241-5.414 5.03-5.414 2.809 0 4.183 2.235 4.634 3.445l.245.615-7.238 2.994c.555 1.086 1.415 1.64 2.626 1.64 1.209 0 2.05-.594 2.665-1.496"" fill=""#EA4335""></path></g></svg></div><div class=""dmb-survey-banner__title"">${e://Field/company_name} <br>➘➘➘Dijital olgunluk değerlendirmesi➘➘➘</div></div>",
QID148_QuestionText,"<h2 class=""dmb-dimension-header h-c-headline h-c-headline--two""><img class=""dmb-dimension-header__icon dmb-u-m-b-s"" src=""${e://Field/static_url}/img/${e://Field/tenant}/dimensions/organization.svg"">➘➘➘Kuruluş➘➘➘</h2>➘➘➘Kuruluşunuzda veri odaklı pazarlama&nbsp;ne derecede hayata geçiriliyor?",
QID148_Choice1,Sınırlı üst düzey destek.,
QID148_Choice2,Orta düzey yönetimden destek (ör. bölge direktörü).,
QID148_Choice3,Orta düzey liderlerden destek (ör. başkan yardımcısı).,
QID148_Choice4,"Üst düzey yönetici desteği (ör. CMO, CTO, COO).",
QID148_Choice5,CEO desteği.,
QID153_QuestionText,Kuruluşunuzun pazarlama aktivasyonu sürecini aşağıdakilerden hangisi en iyi şekilde açıklar?,
QID153_Choice1,Ayrı ekipler veya iç kaynaklarla mesafeli düzeyde pazarlama aktivasyonu gerçekleştiriliyor.,
QID153_Choice2,İlgili kanallar arası roller ve iş ortakları geniş ölçekli kampanya başlatırken birlikte çalışıyor. Günlük etkileşim sınırlı.,
QID153_Choice3,Kanallar arası roller ve dış iş ortakları arasında gündelik süreçler ve temas noktaları kurulu.,
QID153_Choice4,"Tüm ilgili ekosistem iş ortakları dahil, kanal ekipleri arasında tam entegre ve çevik çalışma yöntemleri.",
QID155_QuestionText,Aşağıdaki çalışma biçimlerinden hangileri kuruluşunuzda sürekli uygulanıyor? (Geçerli olan tüm şıkları işaretleyin),
QID155_Choice1,Çevik çalışma yöntemlerimiz mevcut (ör. çapraz fonksiyonel  takımlar hızlı çalışıyor).,
QID155_Choice2,"Test edip öğrenme kültürüne sahibiz, denemeler yapmak için ayrılmış bütçemiz var.",
QID155_Choice3,Pazarlamadaki en iyi uygulamaları izliyoruz (ör. kampanyalar veya bölgeler arasında).,
QID155_Choice4,Çapraz fonksiyonel takımlar olarak bir araya geliyoruz (ör. aynı alanda birlikte oturuyoruz).,
QID154_QuestionText,"Aşağıdakilerden hangisi, ajans iş ortaklarınızın birlikte çalışma şeklini en iyi açıklar?",
QID154_Choice1,Ajanslar büyük oranda bağımsız çalışıyor.,
QID154_Choice2,Ajanslar arasında bir miktar iş birliği mevcut. (ör. reklam öğelerinden sorumlu olanlar birlikte çalışıyor ancak arama dahil değil).,
QID154_Choice3,Tüm ajansın katıldığı düzenli toplantılarla birlikte ajanslar arası birlikte çalışma mevcut (ör. kampanya planlama için).,
QID154_Choice4,Tüm ajanslar aktif bir şekilde iş birliği yapıyor (ör. çok ajanslı ortak projelerde veya sanal kampanya ekipleri olarak).,
QID152_QuestionText,Kuruluşunuzdaki pazarlama kanallarının hedefleri nasıl belirleniyor?,
QID152_Choice1,Kanala göre bağımsız hedefler.,
QID152_Choice2,Kanallar arası bazı ortak hedeflerin yanı sıra çoğunlukla bağımsız hedefler.,
QID152_Choice3,Birden fazla kanal için ortak hedefler (ör. tüm dijital kanallar genelinde).,
QID152_Choice4,Dijital ve dijital olmayan tüm kanallar için toplam işletme performansıyla bağlantılı ortak hedefler.,
QID150_QuestionText,Kuruluşunuzda dijital pazarlama faaliyetlerini destekleyen ve yalnızca ölçümden sorumlu çalışanlarınız var mı?,
QID150_Choice1,Hayır.,
QID150_Choice2,Evet ancak başka sorumlulukları da var.,
QID150_Choice3,"Evet, yalnızca bu alanda çalışıyor(lar).",
QID149_QuestionText,Kuruluşunuzda dijital pazarlama faaliyetlerini destekleyen veri bilimciler var mı?,
QID149_Choice1,Hayır.,
QID149_Choice2,Evet ancak başka sorumlulukları da var.,
QID149_Choice3,"Evet, yalnızca bu alanda çalışıyor(lar).",
QID151_QuestionText,"Kuruluşunuzda dijital pazarlama faaliyetlerini destekleyen kanal uzmanları (ör. arama, sosyal, programatik) var mı?",
QID151_Choice1,Hayır.,
QID151_Choice2,Evet ancak başka sorumlulukları da var.,
QID151_Choice3,"Evet, yalnızca bu alanda çalışıyorlar.",
QID183_QuestionText,"<div class=""dmb-survey-banner""><div class=""dmb-survey-banner__logo""><svg width=""68px"" height=""22px"" viewBox=""0 0 68 22"" xmlns=""http://www.w3.org/2000/svg""><g fill=""none"" fill-rule=""evenodd""><path d=""M8.53 16.814C3.895 16.814 0 13.042 0 8.407 0 3.773 3.896 0 8.53 0c2.563 0 4.388 1.005 5.762 2.317l-1.62 1.62c-.984-.923-2.317-1.64-4.143-1.64-3.382 0-6.027 2.727-6.027 6.11 0 3.383 2.645 6.11 6.027 6.11 2.195 0 3.445-.881 4.245-1.681.656-.656 1.087-1.6 1.25-2.891H8.53V7.648h7.73c.083.41.124.903.124 1.435 0 1.723-.472 3.856-1.989 5.373-1.476 1.538-3.363 2.358-5.865 2.358z"" fill=""#4285F4""></path><path d=""M26.004 11.4c0-1.947-1.39-3.28-3-3.28s-3 1.333-3 3.28c0 1.928 1.39 3.281 3 3.281s3-1.353 3-3.28m2.335 0c0 3.116-2.396 5.413-5.335 5.413s-5.335-2.297-5.335-5.413c0-3.138 2.396-5.413 5.335-5.413 2.94 0 5.335 2.275 5.335 5.413"" fill=""#EA4335""></path><path d=""M37.964 11.4c0-1.947-1.389-3.28-3-3.28-1.61 0-3 1.333-3 3.28 0 1.928 1.39 3.281 3 3.281 1.611 0 3-1.353 3-3.28m2.335 0c0 3.116-2.396 5.413-5.335 5.413-2.94 0-5.335-2.297-5.335-5.413 0-3.138 2.395-5.413 5.335-5.413s5.335 2.275 5.335 5.413"" fill=""#FBBC05""></path><path d=""M49.869 11.421c0-1.906-1.272-3.302-2.891-3.302-1.64 0-3.014 1.396-3.014 3.302 0 1.887 1.374 3.26 3.014 3.26 1.62 0 2.89-1.373 2.89-3.26zm2.091-5.106v9.72c0 3.998-2.358 5.639-5.146 5.639-2.625 0-4.203-1.764-4.798-3.2l2.07-.86c.37.88 1.272 1.927 2.728 1.927 1.783 0 2.891-1.107 2.891-3.178v-.78h-.083c-.533.657-1.558 1.23-2.849 1.23-2.707 0-5.187-2.357-5.187-5.392 0-3.055 2.48-5.434 5.187-5.434 1.291 0 2.316.575 2.85 1.21h.082v-.882h2.255z"" fill=""#4285F4""></path><path fill=""#34A853"" d=""M53.75 16.486h2.379V.574h-2.38z""></path><path d=""M59.8 11.237l4.839-2.01c-.268-.676-1.067-1.148-2.01-1.148-1.21 0-2.89 1.066-2.83 3.158m5.68 1.948l1.845 1.23c-.594.882-2.03 2.399-4.51 2.399-3.075 0-5.297-2.379-5.297-5.413 0-3.22 2.241-5.414 5.03-5.414 2.809 0 4.183 2.235 4.634 3.445l.245.615-7.238 2.994c.555 1.086 1.415 1.64 2.626 1.64 1.209 0 2.05-.594 2.665-1.496"" fill=""#EA4335""></path></g></svg></div><div class=""dmb-survey-banner__title"">${e://Field/company_name} <br>➘➘➘Dijital olgunluk değerlendirmesi➘➘➘</div></div>",
QID117_QuestionText,"<h2 class=""dmb-dimension-header h-c-headline h-c-headline--two""><img class=""dmb-dimension-header__icon dmb-u-m-b-s"" src=""${e://Field/static_url}/img/${e://Field/tenant}/dimensions/access.svg"">➘➘➘Erişim➘➘➘</h2>➘➘➘➘Dijital medya satın alımınızı aşağıdakilerden hangisi en iyi şekilde açıklar?",Dijital medya satın alımınızı aşağıdakilerden hangisi en iyi şekilde açıklar?
QID117_Choice1,Çoğunlukla yayıncılardan (rezervasyon) veya reklam ağlarından doğrudan satın alıyoruz.,
QID117_Choice2,"Çoğunlukla programatik satın alıyoruz, herkesin katılabileceği açık artırmalar ve programatik doğrudan kullanıyoruz. Bu satın almaları her kanal için ayrı optimize ediyoruz.",
QID117_Choice3,"Çoğunlukla programatik satın alıyoruz, herkesin katılabileceği açık artırmalar ve programatik doğrudan kullanıyoruz. Bu satın almaları farklı dijital kanallarda optimize ediyoruz.",
QID117_Choice4,"Çoğunlukla programatik satın alıyoruz, çeşitli teklif türlerinden yararlanıyoruz (ör. herkesin katılabileceği ve özel açık artırma, tercih edilen ve garanti edilen anlaşmalar). Medya satın alımlarımız dijital kanallar genelinde optimize ediliyor. Bazı dijital olmayan medyayı programatik satın alıyoruz.",
QID118_QuestionText,Görüntülü ve video pazarlama stratejinizin çeşitliliği ne durumda?,
QID118_Choice1,Çoğunlukla masaüstü görüntülü ve video satın alıyoruz.,
QID118_Choice2,Masaüstü ve mobil web sitelerinde hem görüntülü hem video satın alıyoruz. Her kanal veya biçim içerisinde kitle stratejisi uyguluyoruz.,
QID118_Choice3,"Masaüstü, mobil web sitesi, mobil uygulamaları yerel ve yerel olmayan medya şeklinde alıyoruz. Kitle ve hedefleme stratejilerini bazı kanallarımız veya biçimler genelinde uyguluyoruz.",
QID118_Choice4,"Tüm alakalı kanallar, cihazlar ve biçimlerde satın alma yapıyoruz. Buna dijital TV ve ev dışı dijital biçimler dahildir. Tamamında kapsamlı bir kitle stratejisi izliyoruz.",
QID161_QuestionText,Dijital medya satın alımında marka güvenliği yaklaşımınız nasıl?,
QID161_Choice1,Platformun varsayılan ayarlarında mevcut olan yöntemlerden faydalanıyoruz.,
QID161_Choice2,"Platformun varsayılan ayarlarını kullanıyor, beyaz listeye veya kara listeye site ekleme ve kaldırma için raporlarımızda marka güvenliğini değerlendiriyoruz.",
QID161_Choice3,"Çoğu önemli kanalımız için ayrı bir marka güvenliği çözümünden yararlanıyor, kategori filtrelerimizi güncellemek için raporları izliyoruz.",
QID161_Choice4,"Tüm kanallarda ayrı bir marka güvenliği çözümü kullanıyoruz, marka güvenlik çözümümüzü desteklemek için raporları inceliyor, kategori filtrelerini güncelliyor ve içgörüler üretiyoruz.",
QID120_QuestionText,Görüntülü ve video alımlarınız için yeterli görüntülenebilirliği sağlamak için ne yapıyorsunuz?,
QID120_Choice1,Görüntülenebilirlik ölçümü yapmıyoruz.,
QID120_Choice2,Kampanya sonrası raporlamada görüntülenebilirliği ölçüyoruz.,
QID120_Choice3,Görüntülenebilirlik metriklerinden gelecekteki medya alımlarında yararlanıyoruz (ör. bütçe kaydırma).,
QID120_Choice4,Görüntülenebilirlik metriklerini programatik platformlarda satın alma sinyali olarak aktif bir şekilde kullanıyoruz.,
QID162_QuestionText,Görüntülü ve video alımlarında reklam kalitesinden emin olmak için ne yapıyorsunuz?,
QID162_Choice1,Genelde tanıyıp güvendiğimiz sitelerden medya aldığımızdan (ör. rezervasyon) bizim için alaka düzeyi düşük veya sıfır.,
QID162_Choice2,"Yetkili satıcıların ads.txt ile belirtildiğini biliyor, sorun fark ettiğimizde potansiyel sahtekarlığa karşı raporlarımızı inceliyoruz.",
QID162_Choice3,"Sahtekarlık raporlarını düzenli olarak izliyor, medya alımlarımızı optimize ediyoruz (ör. tek tek siteleri veya birleştirilmiş envanter satıcılarını kaldırarak).",
QID162_Choice4,Medya alımlarını aktif bir şekilde izliyor ve optimize ediyoruz. Sahtekarlığı önleme için yayıncılarla aktif temas içindeyiz.,
QID116_QuestionText,Kuruluşunuz sıklık sınırı için nasıl bir yaklaşım izliyor?,
QID116_Choice1,Rastgele bir sayı belirliyoruz ya da sıklık sınırını hiç kullanmıyoruz.,
QID116_Choice2,Sıklık sınırlarını kendi dönüşüm yolu raporlarımıza göre belirliyoruz.,
QID116_Choice3,"Sıklık sınırlarımız, kendi kampanyalarımızdan elde ettiğimiz analizleri temel alır. Sıklık ve erişim arasında optimal dengeye tüm medya alımları genelinde ulaşmak için testler yürütüyoruz.",
QID116_Choice4,"Sıklık sınırlarımız, kendi kampanyalarımızdan elde ettiğimiz analizleri temel alır. Neredeyse tüm medya alımlarımızı birleştirdik, bunlar içinde maksimum erişim ve performansa ulaşmak için sıklığı aktif bir şekilde yönetiyoruz.",
QID119_QuestionText,Arama ağı pazarlama stratejinizin çeşitliliği ne durumda?,
QID119_Choice1,Yalnızca markamızla ve en önemli ürünlerimizle alakalı anahtar kelimelere reklam veriyoruz. Genellikle standart arama ağı reklamlarından yararlanıyoruz.,
QID119_Choice2,"Markamızla, tüm ürünlerimizle ve ürün kategorilerimizle alakalı anahtar kelimelere reklam veriyoruz. Genellikle standart arama ağı reklamlarını kullanıyoruz. Özel biçimleri (ör. alışveriş reklamları ya da yerel reklamlar) kullanmaya başladık.",
QID119_Choice3,"Diğer alakalı terimlere ek olarak markamızla, tüm ürünlerimizle ve ürün kategorilerimizle alakalı anahtar kelimelere reklam veriyoruz. Standart arama ağı reklamları ile özel biçimlerin (ör. alışveriş reklamları veya yerel reklamlar) bir kombinasyonunu kullanıyoruz.",
QID119_Choice4,"Kapsamlı bir anahtar kelime grubuna reklam veriyor, tüm alakalı terimleri mevcut tüm arama ağı reklam biçimlerinde (ör. standart reklamlar, alışveriş reklamları, yerel reklamlar) tüm alakalı platform ve cihazlar genelinde kullanıyoruz. Mümkün olduğu durumlarda otomatik anahtar kelime seçiminden yararlanıyoruz (ör. dinamik arama ağı reklamları).",
QID121_QuestionText,Arama ağında reklam kalitesinden emin olmak için ne yapıyorsunuz?,
QID121_Choice1,Genellikle platforma göre varsayılan yöntemleri kullanıyoruz (ör. düşük performanslı anahtar kelimeleri devre dışı bırakma).,
QID121_Choice2,Sektördeki en iyi uygulamalara ve gözlemlenen kanıtlara dayalı negatif anahtar kelime listeleri oluşturuyoruz.,
QID121_Choice3,Önceki kampanyaların arama sorgu raporlarına dayalı negatif anahtar kelime listesi oluşturuyoruz.,
QID121_Choice4,"Aktif bir şekilde potansiyel negatif kelimeleri araştırıyor, performansı izleyip anahtar kelime listelerini tüm kampanyalar genelinde paylaşıyoruz.",
QID184_QuestionText,"<div class=""dmb-survey-banner""><div class=""dmb-survey-banner__logo""><svg width=""68px"" height=""22px"" viewBox=""0 0 68 22"" xmlns=""http://www.w3.org/2000/svg""><g fill=""none"" fill-rule=""evenodd""><path d=""M8.53 16.814C3.895 16.814 0 13.042 0 8.407 0 3.773 3.896 0 8.53 0c2.563 0 4.388 1.005 5.762 2.317l-1.62 1.62c-.984-.923-2.317-1.64-4.143-1.64-3.382 0-6.027 2.727-6.027 6.11 0 3.383 2.645 6.11 6.027 6.11 2.195 0 3.445-.881 4.245-1.681.656-.656 1.087-1.6 1.25-2.891H8.53V7.648h7.73c.083.41.124.903.124 1.435 0 1.723-.472 3.856-1.989 5.373-1.476 1.538-3.363 2.358-5.865 2.358z"" fill=""#4285F4""></path><path d=""M26.004 11.4c0-1.947-1.39-3.28-3-3.28s-3 1.333-3 3.28c0 1.928 1.39 3.281 3 3.281s3-1.353 3-3.28m2.335 0c0 3.116-2.396 5.413-5.335 5.413s-5.335-2.297-5.335-5.413c0-3.138 2.396-5.413 5.335-5.413 2.94 0 5.335 2.275 5.335 5.413"" fill=""#EA4335""></path><path d=""M37.964 11.4c0-1.947-1.389-3.28-3-3.28-1.61 0-3 1.333-3 3.28 0 1.928 1.39 3.281 3 3.281 1.611 0 3-1.353 3-3.28m2.335 0c0 3.116-2.396 5.413-5.335 5.413-2.94 0-5.335-2.297-5.335-5.413 0-3.138 2.395-5.413 5.335-5.413s5.335 2.275 5.335 5.413"" fill=""#FBBC05""></path><path d=""M49.869 11.421c0-1.906-1.272-3.302-2.891-3.302-1.64 0-3.014 1.396-3.014 3.302 0 1.887 1.374 3.26 3.014 3.26 1.62 0 2.89-1.373 2.89-3.26zm2.091-5.106v9.72c0 3.998-2.358 5.639-5.146 5.639-2.625 0-4.203-1.764-4.798-3.2l2.07-.86c.37.88 1.272 1.927 2.728 1.927 1.783 0 2.891-1.107 2.891-3.178v-.78h-.083c-.533.657-1.558 1.23-2.849 1.23-2.707 0-5.187-2.357-5.187-5.392 0-3.055 2.48-5.434 5.187-5.434 1.291 0 2.316.575 2.85 1.21h.082v-.882h2.255z"" fill=""#4285F4""></path><path fill=""#34A853"" d=""M53.75 16.486h2.379V.574h-2.38z""></path><path d=""M59.8 11.237l4.839-2.01c-.268-.676-1.067-1.148-2.01-1.148-1.21 0-2.89 1.066-2.83 3.158m5.68 1.948l1.845 1.23c-.594.882-2.03 2.399-4.51 2.399-3.075 0-5.297-2.379-5.297-5.413 0-3.22 2.241-5.414 5.03-5.414 2.809 0 4.183 2.235 4.634 3.445l.245.615-7.238 2.994c.555 1.086 1.415 1.64 2.626 1.64 1.209 0 2.05-.594 2.665-1.496"" fill=""#EA4335""></path></g></svg></div><div class=""dmb-survey-banner__title"">${e://Field/company_name} <br>➘➘➘Dijital olgunluk değerlendirmesi➘➘➘</div></div>",
QID128_QuestionText,"<h2 class=""dmb-dimension-header h-c-headline h-c-headline--two""><img class=""dmb-dimension-header__icon dmb-u-m-b-s"" src=""${e://Field/static_url}/img/${e://Field/tenant}/dimensions/audience.svg"">➘➘➘Kitle➘➘➘</h2>➘➘➘➘Aşağıdaki hedefleme yöntemlerinden hangisini kullanıyorsunuz? (Geçerli olan tüm şıkları işaretleyin)",
QID128_Choice1,Dönüşüm hunisinin üst kısmını hedefleme (ör. bilinirliği artırma).,
QID128_Choice2,Dönüşüm hunisinin alt kısmını hedefleme (ör. satışları artırma).,
QID128_Choice3,Dönüşüm hunisinin orta kısmını hedefleme (ör. üzerinde düşünmeyi artırma).,
QID126_QuestionText,Aşağıdakilerden hangisi kitle tanımlarınızı en iyi şekilde açıklar?,
QID126_Choice1,Kitle tek bir segment olarak ele alınır.,
QID126_Choice2,Sosyodemografik verilere veya harcama verilerine dayalı birden fazla segment.,
QID126_Choice3,Karakterlere (ortak davranış ve ilgi alanlarıyla tanımlanan) dayalı birden fazla segment.,
QID126_Choice4,Makine öğrenimi yöntemleri dahil ileri düzey analizlere dayalı birden fazla segment.,
QID127_QuestionText,Kuruluşunuzun kaç tane stratejik kitle segmenti var?,
QID127_Choice1,Kitle segmentasyonundan yararlanmıyoruz.,
QID127_Choice2,2 veya 3 segment.,
QID127_Choice3,4 veya 5 segment.,
QID127_Choice4,6 veya daha fazla segment.,
QID122_QuestionText,Görüntülü reklam ağı ve video kampanyaları için kitle oluştururken hangi bilgi kaynaklarından yararlanıyorsunuz?,
QID122_Choice1,"Çoğunlukla, reklam verdiğimiz platformların sağladığı üçüncü taraf verilerden yararlanıyoruz.",
QID122_Choice2,Her kanalda topladığımız 3. taraf verilerden ve 1. taraf verilerden (kendi verilerimizden) yararlanıyoruz.,
QID122_Choice3,Hem bu kanaldan hem de diğer kanallardan topladığımız 3. taraf verilerden ve 1. taraf verilerden yararlanıyoruz.,
QID122_Choice4,3. taraf verilerden ve 1. taraf verilerden yararlanarak hem online hem çevrimdışı davranışları kapsayan geniş bir analiz kaynağı oluşturuyoruz.,
QID123_QuestionText,Arama ağı kampanyaları için kitle oluşturmak amacıyla hangi analiz kaynaklarından yararlanıyorsunuz?,
QID123_Choice1,"Çoğunlukla, reklam verdiğimiz platformların sağladığı üçüncü taraf verilerden yararlanıyoruz.",
QID123_Choice2,Bu kanalda topladığımız 3. taraf verilerden ve 1. taraf verilerden (kendi verilerimizden) yararlanıyoruz.,
QID123_Choice3,Hem bu kanal hem de diğer kanallarda topladığımız 3. taraf verilerden ve 1. taraf verilerden yararlanıyoruz.,
QID123_Choice4,3. taraf verilerden ve 1. taraf verilerden yararlanarak hem online hem çevrimdışı davranışları kapsayan geniş bir analiz kaynağı oluşturuyoruz.,
QID124_QuestionText,Sosyal kampanyalar için kitle oluşturmak amacıyla hangi analiz kaynaklarından yararlanıyorsunuz?,
QID124_Choice1,"Çoğunlukla, reklam verdiğimiz platformların sağladığı üçüncü taraf verilerden yararlanıyoruz.",
QID124_Choice2,Bu kanalda topladığımız 3. taraf verilerden ve 1. taraf verilerden (kendi verilerimizden) yararlanıyoruz.,
QID124_Choice3,Hem bu kanal hem de diğer kanallarda topladığımız 3. taraf verilerden ve 1. taraf verilerden yararlanıyoruz.,
QID124_Choice4,3. taraf verilerden ve 1. taraf verilerden yararlanarak hem online hem çevrimdışı davranışları kapsayan geniş bir analiz kaynağı oluşturuyoruz.,
QID125_QuestionText,E-posta kampanyaları için kitle oluşturmak amacıyla hangi analiz kaynaklarından yararlanıyorsunuz?,
QID125_Choice1,"Çoğunlukla, reklam verdiğimiz platformların sağladığı üçüncü taraf verilerden yararlanıyoruz.",
QID125_Choice2,Bu kanalda topladığımız 3. taraf verilerden ve 1. taraf verilerden (kendi verilerimizden) yararlanıyoruz.,
QID125_Choice3,Hem bu kanal hem de diğer kanallarda topladığımız 3. taraf verilerden ve 1. taraf verilerden yararlanıyoruz.,
QID125_Choice4,3. taraf verilerden ve 1. taraf verilerden yararlanarak hem online hem çevrimdışı davranışları kapsayan geniş bir analiz kaynağı oluşturuyoruz.,
QID131_QuestionText,Kuruluşunuzun pazarlama aktivasyonunu geliştirmek amacıyla verileri analize dönüştürme sistemindeki bağlantı düzeyini aşağıdakilerden hangisi en iyi şekilde açıklar?,
QID131_Choice1,Sınırlı bağlantı. Kanala göre bağımsız olarak kullanılan veriler (ör. görüntülü reklam ağı için 3. taraf veriler veya e-posta pazarlama için CRM verileri).,
QID131_Choice2,Online kanallarda bağlantı (ör. 1. ve 3. taraf verilerin birleşimiyle benzer kitleler oluşturma).,
QID131_Choice3,"Online ve çevrimdışı sistemler bağlı (ör. doğrudan posta sistemleri, 1. taraf dijital verileri yöneten sistemlere bağlı).",
QID131_Choice4,"Online ve çevrimdışı sistemler bağlı, diğer içeriğe dayalı verileri (ör. bir Veri Yönetimi Platformunda yönetilen 1. taraf, 3. taraf, işletme performansı ve hava durumu yönetim verileri) kapsıyor.",
QID130_QuestionText,Kitle listelerinizi nasıl yönetiyorsunuz?,
QID130_Choice1,Kitle yönetimimiz yok (ör. her kampanya için sipariş liste oluşturuyoruz).,
QID130_Choice2,"Geçmişe dönük kitlenin bakımı yapılıyor (ör. hedef liste, kampanya sona erdikten sonra güncelleniyor).",
QID130_Choice3,Kitleler kampanya yayınlanırken güncelleniyor.,
QID130_Choice4,Devamlı kitle bakımı yapıyoruz (ör. kurala dayalı ve otomatik güncellemelerle liste hedefliyoruz).,
QID132_QuestionText,Kuruluşunuz veya ajansınız bir CRM araç seti kullanıyor mu?,
QID132_Choice1,Hayır veya Bilmiyorum.,
QID132_Choice2,"Evet, harici bir iş ortağı işletiyor (ör. ajans).",
QID132_Choice3,"Evet, kendimiz işletiyoruz.",
QID132_Choice4,"Evet, kendimiz işletiyoruz, başka sistemlere de bağlı (ör. bir Veri Yönetim Platformu).",
QID129_QuestionText,Herhangi bir Veri Yönetim Platformundan (DMP) yararlanıyor musunuz?,
QID129_Choice1,Hayır veya Bilmiyorum.,
QID129_Choice2,"Evet, harici bir iş ortağı işletiyor (ör. ajans).",
QID129_Choice3,"Evet, kendimiz işletiyoruz.",
QID129_Choice4,"Evet, kendimiz işletiyoruz, başka sistemlere de bağlı (ör. bir CRM aracı).",
QID185_QuestionText,"<div class=""dmb-survey-banner""><div class=""dmb-survey-banner__logo""><svg width=""68px"" height=""22px"" viewBox=""0 0 68 22"" xmlns=""http://www.w3.org/2000/svg""><g fill=""none"" fill-rule=""evenodd""><path d=""M8.53 16.814C3.895 16.814 0 13.042 0 8.407 0 3.773 3.896 0 8.53 0c2.563 0 4.388 1.005 5.762 2.317l-1.62 1.62c-.984-.923-2.317-1.64-4.143-1.64-3.382 0-6.027 2.727-6.027 6.11 0 3.383 2.645 6.11 6.027 6.11 2.195 0 3.445-.881 4.245-1.681.656-.656 1.087-1.6 1.25-2.891H8.53V7.648h7.73c.083.41.124.903.124 1.435 0 1.723-.472 3.856-1.989 5.373-1.476 1.538-3.363 2.358-5.865 2.358z"" fill=""#4285F4""></path><path d=""M26.004 11.4c0-1.947-1.39-3.28-3-3.28s-3 1.333-3 3.28c0 1.928 1.39 3.281 3 3.281s3-1.353 3-3.28m2.335 0c0 3.116-2.396 5.413-5.335 5.413s-5.335-2.297-5.335-5.413c0-3.138 2.396-5.413 5.335-5.413 2.94 0 5.335 2.275 5.335 5.413"" fill=""#EA4335""></path><path d=""M37.964 11.4c0-1.947-1.389-3.28-3-3.28-1.61 0-3 1.333-3 3.28 0 1.928 1.39 3.281 3 3.281 1.611 0 3-1.353 3-3.28m2.335 0c0 3.116-2.396 5.413-5.335 5.413-2.94 0-5.335-2.297-5.335-5.413 0-3.138 2.395-5.413 5.335-5.413s5.335 2.275 5.335 5.413"" fill=""#FBBC05""></path><path d=""M49.869 11.421c0-1.906-1.272-3.302-2.891-3.302-1.64 0-3.014 1.396-3.014 3.302 0 1.887 1.374 3.26 3.014 3.26 1.62 0 2.89-1.373 2.89-3.26zm2.091-5.106v9.72c0 3.998-2.358 5.639-5.146 5.639-2.625 0-4.203-1.764-4.798-3.2l2.07-.86c.37.88 1.272 1.927 2.728 1.927 1.783 0 2.891-1.107 2.891-3.178v-.78h-.083c-.533.657-1.558 1.23-2.849 1.23-2.707 0-5.187-2.357-5.187-5.392 0-3.055 2.48-5.434 5.187-5.434 1.291 0 2.316.575 2.85 1.21h.082v-.882h2.255z"" fill=""#4285F4""></path><path fill=""#34A853"" d=""M53.75 16.486h2.379V.574h-2.38z""></path><path d=""M59.8 11.237l4.839-2.01c-.268-.676-1.067-1.148-2.01-1.148-1.21 0-2.89 1.066-2.83 3.158m5.68 1.948l1.845 1.23c-.594.882-2.03 2.399-4.51 2.399-3.075 0-5.297-2.379-5.297-5.413 0-3.22 2.241-5.414 5.03-5.414 2.809 0 4.183 2.235 4.634 3.445l.245.615-7.238 2.994c.555 1.086 1.415 1.64 2.626 1.64 1.209 0 2.05-.594 2.665-1.496"" fill=""#EA4335""></path></g></svg></div><div class=""dmb-survey-banner__title"">${e://Field/company_name} <br>➘➘➘Dijital olgunluk değerlendirmesi➘➘➘</div></div>",
QID133_QuestionText,"<h2 class=""dmb-dimension-header h-c-headline h-c-headline--two""><img class=""dmb-dimension-header__icon dmb-u-m-b-s"" src=""${e://Field/static_url}/img/${e://Field/tenant}/dimensions/automation.svg"">➘➘➘Otomasyon➘➘➘</h2>➘➘➘➘Reklam öğeleriniz nasıl barındırılıp sunuluyor?",
QID133_Choice1,Hayır veya Bilmiyorum.,
QID133_Choice2,Bazı reklam öğeleri reklam sunucusunda barındırılıyor.,
QID133_Choice3,Tüm statik reklam öğeleri reklam sunucusunda.,
QID133_Choice4,Bazı dinamik öğeler dahil tüm reklam öğelerimiz reklam sunucusunda.,
QID163_QuestionText,Reklam öğelerinizin etkinlik optimizasyonunu ne ölçüde otomatik hale getirdiniz?,
QID163_Choice1,Tüm reklamlar manuel olarak oluşturulup manuel olarak optimize ediliyor.,
QID163_Choice2,"Çoğu reklamı manuel oluşturuyor, reklam öğesi rotasyonu gibi standart platform özelliklerinden yararlanıyoruz. Etkinlik optimizasyonunu manuel yapıyoruz.",
QID163_Choice3,Dinamik reklam öğeleri genellikle veri feed'lerinden yararlanıyor (ör. reklam metni kullanıcı konumu veya kullanıcıların girdiği anahtar kelimelere dayalı olarak özelleştiriliyor). Eşit olarak otomatik ve manuel optimizasyon yapıyoruz. Otomasyon genellikle bir kanala odaklı.,
QID163_Choice4,"Dinamik reklam öğeleri, kanal içinde ve/veya 3. taraf verilerindeki davranış sinyalleri ve veri feed'lerine dayalı, gerçek zamanlı mesaj vermeden yararlanıyor. Optimizasyon birden fazla kanalda büyük ölçüde otomatik hale getirildi.",
QID163_Choice5,"Dinamik reklam öğeleri, kanallar arası davranış sinyallerine (ör. alışveriş sepetini terk etme, ürün görüntüleme) ve/veya 3. taraf verilere dayalı, gerçek zamanlı mesaj vermeden yararlanıyor. Optimizasyon tüm kanallarda büyük ölçüde otomatik hale getirildi.",
QID136_QuestionText,Aşağıdakilerden hangisi arama ağı teklif verme yönteminizi en iyi şekilde açıklar?,
QID136_Choice1,Çoğu teklifi manuel olarak belirliyoruz.,
QID136_Choice2,Teklif ayarlamaları (teklif çarpanları) mobil cihaz veya kullanıcı konumu gibi sinyalleri temel alıyor. Ayarlamalar sıkça güncelleniyor.,
QID136_Choice3,Basit otomatik kurallarla birçok sinyale dayalı teklif ayarlama yapılıyor.,
QID136_Choice4,"Kullanıcı konumu, cihaz türü, cihazlar arası davranış, veriye dayalı ilişkilendirme ve diğer sinyallere dayalı otomatik teklif kullanıyoruz.",
QID137_QuestionText,Görüntülü ve video teklif tekniklerinizi aşağıdakilerden hangisi en iyi şekilde açıklar?,
QID137_Choice1,Çoğu teklifi manuel olarak belirliyoruz.,
QID137_Choice2,Teklif ayarlamaları (teklif çarpanları) mobil cihaz veya kullanıcı konumu gibi sinyalleri temel alıyor. Ayarlamalar sıkça güncelleniyor.,
QID137_Choice3,Basit otomatik kurallarla birçok sinyale dayalı teklif ayarlama yapılıyor.,
QID137_Choice4,"Kullanıcı konumu, cihaz türü, cihazlar arası davranış, veriye dayalı ilişkilendirme ve diğer sinyallere dayalı otomatik teklif kullanıyoruz.",
QID138_QuestionText,Hedeflemenizi ne ölçüde otomatik hale getirdiniz?,
QID138_Choice1,Anahtar kelime ve web sitesi gibi reklamlarımızın yayınlandığı hedefleme ölçütlerinin çoğunu manuel seçiyoruz.,
QID138_Choice15,"Otomatik hedefleme özelliklerini kullanmaya başladık, arama veya görüntülü reklam ağında yalnızca bir kampanya hedefi (ör. hedef EBM), bütçe ve reklam öğesi giriyoruz.",
QID138_Choice16,"Otomatik hedeflemeden mümkün olan her yerde yararlanıyoruz, arama veya görüntülü reklam ağında yalnızca bir kampanya hedefi (ör. hedef EBM), bütçe ve reklam öğesi giriyoruz.",
QID138_Choice17,"Otomatik hedeflemeden mümkün olan her yerde yararlanıyoruz, arama ve görüntülü reklam ağında yalnızca bir kampanya hedefi (ör. hedef EBM), bütçe ve reklam öğesi giriyoruz.",
QID134_QuestionText,Bir Talep Tarafı Platformu (DSP) kullanıyor musunuz?,
QID134_Choice1,Hayır veya Bilmiyorum.,
QID134_Choice2,"Evet, harici bir iş ortağı işletiyor (ör. ajans).",
QID134_Choice3,"Evet, kendimiz işletiyoruz.",
QID134_Choice4,"Evet, kendimiz işletiyoruz, başka sistemlere de bağlı (ör. web analiz aracı).",
QID135_QuestionText,Aşağıdakilerden hangisi kampanyaları kurma ve yönetme biçiminizi en iyi şekilde açıklar?,
QID135_Choice1,Bilmiyorum/Tüm kampanya kurulum ve yönetim işlemlerini bir ajans iş ortağı gerçekleştiriyor.,
QID135_Choice2,Kampanya kurulum ve yönetimini genellikle mevcut reklam platformu kullanıcı arayüzünden yapıyoruz.,
QID135_Choice3,"Kampanya kurulum ve yönetimi için platform kullanıcı arayüzünü kullanıyor, aynı zamanda platformun API'lerinden yararlanıyoruz.",
QID135_Choice4,Kampanya kurulumu ve raporlama için platform API'leri ve yapılandırılmış veri dosyalarından yoğun bir biçimde yararlanıyoruz.,
QID135_Choice5,"Kampanyaların kurulumu, bakımı, optimizasyonu ve raporlanması için çeşitli platform API'leri ve yapılandırılmış veri dosyalarından mümkün olan her yerde faydalanıyoruz.",
QID186_QuestionText,"<div class=""dmb-survey-banner""><div class=""dmb-survey-banner__logo""><svg width=""68px"" height=""22px"" viewBox=""0 0 68 22"" xmlns=""http://www.w3.org/2000/svg""><g fill=""none"" fill-rule=""evenodd""><path d=""M8.53 16.814C3.895 16.814 0 13.042 0 8.407 0 3.773 3.896 0 8.53 0c2.563 0 4.388 1.005 5.762 2.317l-1.62 1.62c-.984-.923-2.317-1.64-4.143-1.64-3.382 0-6.027 2.727-6.027 6.11 0 3.383 2.645 6.11 6.027 6.11 2.195 0 3.445-.881 4.245-1.681.656-.656 1.087-1.6 1.25-2.891H8.53V7.648h7.73c.083.41.124.903.124 1.435 0 1.723-.472 3.856-1.989 5.373-1.476 1.538-3.363 2.358-5.865 2.358z"" fill=""#4285F4""></path><path d=""M26.004 11.4c0-1.947-1.39-3.28-3-3.28s-3 1.333-3 3.28c0 1.928 1.39 3.281 3 3.281s3-1.353 3-3.28m2.335 0c0 3.116-2.396 5.413-5.335 5.413s-5.335-2.297-5.335-5.413c0-3.138 2.396-5.413 5.335-5.413 2.94 0 5.335 2.275 5.335 5.413"" fill=""#EA4335""></path><path d=""M37.964 11.4c0-1.947-1.389-3.28-3-3.28-1.61 0-3 1.333-3 3.28 0 1.928 1.39 3.281 3 3.281 1.611 0 3-1.353 3-3.28m2.335 0c0 3.116-2.396 5.413-5.335 5.413-2.94 0-5.335-2.297-5.335-5.413 0-3.138 2.395-5.413 5.335-5.413s5.335 2.275 5.335 5.413"" fill=""#FBBC05""></path><path d=""M49.869 11.421c0-1.906-1.272-3.302-2.891-3.302-1.64 0-3.014 1.396-3.014 3.302 0 1.887 1.374 3.26 3.014 3.26 1.62 0 2.89-1.373 2.89-3.26zm2.091-5.106v9.72c0 3.998-2.358 5.639-5.146 5.639-2.625 0-4.203-1.764-4.798-3.2l2.07-.86c.37.88 1.272 1.927 2.728 1.927 1.783 0 2.891-1.107 2.891-3.178v-.78h-.083c-.533.657-1.558 1.23-2.849 1.23-2.707 0-5.187-2.357-5.187-5.392 0-3.055 2.48-5.434 5.187-5.434 1.291 0 2.316.575 2.85 1.21h.082v-.882h2.255z"" fill=""#4285F4""></path><path fill=""#34A853"" d=""M53.75 16.486h2.379V.574h-2.38z""></path><path d=""M59.8 11.237l4.839-2.01c-.268-.676-1.067-1.148-2.01-1.148-1.21 0-2.89 1.066-2.83 3.158m5.68 1.948l1.845 1.23c-.594.882-2.03 2.399-4.51 2.399-3.075 0-5.297-2.379-5.297-5.413 0-3.22 2.241-5.414 5.03-5.414 2.809 0 4.183 2.235 4.634 3.445l.245.615-7.238 2.994c.555 1.086 1.415 1.64 2.626 1.64 1.209 0 2.05-.594 2.665-1.496"" fill=""#EA4335""></path></g></svg></div><div class=""dmb-survey-banner__title"">${e://Field/company_name} <br>➘➘➘Dijital olgunluk değerlendirmesi➘➘➘</div></div>",
QID139_QuestionText,"<h2 class=""dmb-dimension-header h-c-headline h-c-headline--two""><img class=""dmb-dimension-header__icon dmb-u-m-b-s"" src=""${e://Field/static_url}/img/${e://Field/tenant}/dimensions/attribution.svg"">➘➘➘İlişkilendirme➘➘➘</h2>➘➘➘Mevcut izleme ve etiketleme yöntemleriniz ne durumda?",
QID139_Choice1,Dijital izleme ve etiketleme bazı kanallarda mevcut.,
QID139_Choice2,Farklı biçimlerde dijital izleme ve etiketleme tüm kanallarda mevcut.,
QID139_Choice3,Dijital izleme ve etiketleme için birleştirilmiş adlandırma yöntemlerinden tüm kanallarda ve web sitelerimizdeki önemli etkinliklerinde yararlanıyoruz.,
QID139_Choice4,"Tüm web siteleri, uygulamalar ve kampanyalar, kapsayıcı etiketleri kullanılarak tutarlı bir şekilde izleniyor. Önemli çevrimdışı etkinlikler kaydediliyor.",
QID143_QuestionText,Aşağıdaki ölçüm yöntemlerinden hangilerini kullanıyorsunuz? (geçerli olan tüm şıkları işaretleyin),
QID143_Choice1,Marka izleme.,
QID143_Choice2,Tüketici anketleri.,
QID143_Choice3,Marketing Mix Modeling (ekonometri).,
QID143_Choice4,Kontrollü deneyler (ör. coğrafi denemeler).,
QID143_Choice5,İlişkilendirme modeli.,
QID146_QuestionText,Ne sıklıkta A/B testi yapıyorsunuz? (En uygun şıkkı seçin),
QID146_Choice1,A/B testi yapmıyoruz.,
QID146_Choice2,Çeyrek başına bir kereden az.,
QID146_Choice3,Ayda bir.,
QID146_Choice4,Haftada bir.,
QID146_Choice5,Haftada birden fazla.,
QID140_QuestionText,Pazarlama etki düzeyinizi değerlendirmek için aşağıdaki performans metriklerinden hangilerini kullanıyorsunuz? (geçerli olan tüm şıkları işaretleyin),
QID140_Choice1,Kampanya metrikleri (ör. Tıklama Başına Maliyet).,
QID140_Choice2,Dönüşüm metrikleri (ör. dönüşüm sayısı).,
QID140_Choice3,Dönüşüm temsil eden metrikler (ör. fiziksel mağazaya ziyaret çekme veya test sürüşü için potansiyel müşteri).,
QID140_Choice4,Gelir veya karlılık metrikleri (ör. toplam gelir veya reklam harcamalarından elde edilen gelir).,
QID140_Choice5,Artımlı gelir ve müşteri yaşam boyu değeri.,
QID141_QuestionText,Kuruluşunuz veya ajansınız tutarlı bir web analiz araç setine sahip mi?,
QID141_Choice1,Hayır veya bilmiyorum.,
QID141_Choice2,"Evet, harici bir iş ortağı işletiyor (ör. ajans).",
QID141_Choice3,"Evet, kendimiz işletiyoruz.",
QID141_Choice4,"Evet, kendimiz işletiyoruz, başka sistemlere de bağlı (ör. talep tarafı platformu).",
QID144_QuestionText,Kuruluşunuz dijital kanallarda birincil olarak ne tür bir ilişkilendirme modeli kullanıyor?,
QID144_Choice1,İlişkilendirme modelimiz yok.,
QID144_Choice2,Son tıklama modeli.,
QID144_Choice3,Standart kurala dayalı model (ör. zamana bağlı azalma).,
QID144_Choice4,Kendi spesifikasyonlarımıza göre geliştirilmiş özel kurala dayalı model.,
QID144_Choice5,"Algoritmik veya veriye dayalı, kesirli, çok temas noktalı model.",
QID145_QuestionText,İlişkilendirme modelinizde hangi veri noktalarını dikkate alıyorsunuz? (geçerli olan tüm şıkları işaretleyin),
QID145_Choice1,İlişkilendirme modelimiz yok.,
QID145_Choice2,"Birden fazla dijital kanaldan gelen verileri kullanıyoruz (ör. video, arama, görüntülü reklam ağı).",
QID145_Choice3,Tüm dijital kanallardan gelen verileri kullanıyoruz.,
QID145_Choice4,Cihazlar arası davranışları hesaba katıyoruz.,
QID145_Choice5,Perakende konumlarına ziyaret ya da çağrı merkezi aramaları gibi çevrimdışı davranışları dikkate alıyoruz.,
QID142_QuestionText,Raporlamanızın birleştirilme ve entegrasyon durumu nasıl?,
QID142_Choice1,Raporlama her kanal ve platform için ayrı olarak yapılıyor. Kampanya düzeyinde performans değerlendiriliyor.,
QID142_Choice2,"Arama ve görüntülü reklam ağlarında bir miktar tekilleştirme yapıyor, cihazlar arası davranışı hesaba katıyoruz.",
QID142_Choice3,Dijital için kapsamlı bir tek doğruluk kaynağımız mevcut. Tüm dijital medya temas noktaları ve web sitesi davranışı dikkate alınıyor. CRM veya mağaza ziyareti gibi bazı dijital olmayan veriler hesaba katılıyor.,
QID142_Choice4,"Dijital ve dijital dışı kanallar için kapsamlı bir tek doğruluk kaynağımız mevcut. Mağaza içi tüketici davranışı, ürün verileri ve CRM verileri buna dahil.",
QID147_QuestionText,Kuruluşunuzun pazarlama aktivasyonunda mevcut olan geri bildirim mekanizmalarını nasıl açıklarsınız?,
QID147_Choice1,Sınırlı test ve öğrenme çalışmaları. Sonuçları yıllık planları etkiliyor.,
QID147_Choice2,Düzenli test yürütülüyor. Sonuçlar bir sonraki kampanyayı şekillendiriyor.,
QID147_Choice3,"Devamlı test yürütülüyor. Sonuçlar, yayınlanmakta olan kampanyaların optimizasyonunda kullanılıyor.",
QID147_Choice4,"Devamlı test yürütülüyor. Sonuçlar, başka kanalda ve yayınlanmakta olan kampanyaları etkiliyor.",
QID187_QuestionText,"<div class=""dmb-survey-banner""><div class=""dmb-survey-banner__logo""><svg width=""68px"" height=""22px"" viewBox=""0 0 68 22"" xmlns=""http://www.w3.org/2000/svg""><g fill=""none"" fill-rule=""evenodd""><path d=""M8.53 16.814C3.895 16.814 0 13.042 0 8.407 0 3.773 3.896 0 8.53 0c2.563 0 4.388 1.005 5.762 2.317l-1.62 1.62c-.984-.923-2.317-1.64-4.143-1.64-3.382 0-6.027 2.727-6.027 6.11 0 3.383 2.645 6.11 6.027 6.11 2.195 0 3.445-.881 4.245-1.681.656-.656 1.087-1.6 1.25-2.891H8.53V7.648h7.73c.083.41.124.903.124 1.435 0 1.723-.472 3.856-1.989 5.373-1.476 1.538-3.363 2.358-5.865 2.358z"" fill=""#4285F4""></path><path d=""M26.004 11.4c0-1.947-1.39-3.28-3-3.28s-3 1.333-3 3.28c0 1.928 1.39 3.281 3 3.281s3-1.353 3-3.28m2.335 0c0 3.116-2.396 5.413-5.335 5.413s-5.335-2.297-5.335-5.413c0-3.138 2.396-5.413 5.335-5.413 2.94 0 5.335 2.275 5.335 5.413"" fill=""#EA4335""></path><path d=""M37.964 11.4c0-1.947-1.389-3.28-3-3.28-1.61 0-3 1.333-3 3.28 0 1.928 1.39 3.281 3 3.281 1.611 0 3-1.353 3-3.28m2.335 0c0 3.116-2.396 5.413-5.335 5.413-2.94 0-5.335-2.297-5.335-5.413 0-3.138 2.395-5.413 5.335-5.413s5.335 2.275 5.335 5.413"" fill=""#FBBC05""></path><path d=""M49.869 11.421c0-1.906-1.272-3.302-2.891-3.302-1.64 0-3.014 1.396-3.014 3.302 0 1.887 1.374 3.26 3.014 3.26 1.62 0 2.89-1.373 2.89-3.26zm2.091-5.106v9.72c0 3.998-2.358 5.639-5.146 5.639-2.625 0-4.203-1.764-4.798-3.2l2.07-.86c.37.88 1.272 1.927 2.728 1.927 1.783 0 2.891-1.107 2.891-3.178v-.78h-.083c-.533.657-1.558 1.23-2.849 1.23-2.707 0-5.187-2.357-5.187-5.392 0-3.055 2.48-5.434 5.187-5.434 1.291 0 2.316.575 2.85 1.21h.082v-.882h2.255z"" fill=""#4285F4""></path><path fill=""#34A853"" d=""M53.75 16.486h2.379V.574h-2.38z""></path><path d=""M59.8 11.237l4.839-2.01c-.268-.676-1.067-1.148-2.01-1.148-1.21 0-2.89 1.066-2.83 3.158m5.68 1.948l1.845 1.23c-.594.882-2.03 2.399-4.51 2.399-3.075 0-5.297-2.379-5.297-5.413 0-3.22 2.241-5.414 5.03-5.414 2.809 0 4.183 2.235 4.634 3.445l.245.615-7.238 2.994c.555 1.086 1.415 1.64 2.626 1.64 1.209 0 2.05-.594 2.665-1.496"" fill=""#EA4335""></path></g></svg></div><div class=""dmb-survey-banner__title"">${e://Field/company_name} <br>➘➘➘Dijital olgunluk değerlendirmesi➘➘➘</div></div>",
QID103_QuestionText,"<h2 class=""dmb-dimension-header h-c-headline h-c-headline--two""><img class=""dmb-dimension-header__icon dmb-u-m-b-s"" src=""${e://Field/static_url}/img/${e://Field/tenant}/dimensions/ads.svg"">➘➘➘Reklam &amp; öğeleri➘➘➘</h2>➘➘➘İletişim kanallarınız arasındaki bağlantıyı nasıl açıklarsınız?",
QID103_Choice1,"Kanala göre büyük oranda bağımsız yayınlanıyor (ör. görüntülü, arama, sosyal, e-posta vb.)",
QID103_Choice2,Ayrı zaman çizelgelerine sahip online kanallar arasında koordine.,
QID103_Choice3,Ortak zaman çizelgelerine sahip online kanallar arasında koordine.,
QID103_Choice4,Ortak zaman çizelgelerine sahip online ve çevrimdışı kanallar arasında koordine.,
QID104_QuestionText,Medya alım ve reklam öğesi oluşturma ekipleriniz nasıl iş birliği yapıyor?,
QID104_Choice1,"Çok az veya sıfır birlikte çalışma, ayrı veya ayrık reklam öğesi süreçlerinde farklı araç setleri kullanılıyor.",
QID104_Choice2,"Medya ve reklam öğesi ekipleri arasında bir miktar resmi iş birliği mevcut, farklı araçlar kullanılıyor.",
QID104_Choice3,Medya ve reklam öğesi ekipleri ortak proje yönetimi araçları kullanarak bir arada çalışıyor.,
QID104_Choice4,"Medya ve reklam öğesi ekipleri, Medya Yönetimi Platformu (CMP) gibi bir ortak çalışma aracı kullanarak planlamadan yürütmeye el ele çalışıyor.",
QID105_QuestionText,Reklam öğesi etkinliğini test etme ve geliştirme yöntemlerinizi nasıl açıklarsınız?,
QID105_Choice1,Sınırlı veya sıfır test.,
QID105_Choice2,Geniş ölçekli bir test planı haricinde yapılan ayrı çalışmalar.,
QID105_Choice3,Düzenli A/B testi. Sonuçları çoğu zaman sonraki kampanyada kullanırız. Ekipler arası sıfır veya sınırlı paylaşım.,
QID105_Choice4,"Güçlü A/B testleri, tüketici anketleri ve gerçek zamanlı optimizasyon birlikte kullanılıyor. Sonuçlar her zaman bir sonraki kampanyaya giriliyor, dijital ekipler arasında paylaştırılıyor.",
QID105_Choice5,"Güçlü A/B testleri, tüketici anketleri ve gerçek zamanlı optimizasyon birlikte kullanılıyor. Sonuçlar her zaman bir sonraki kampanyaya giriliyor, dijital ve dijital olmayan ekipler arasında paylaştırılıyor.",
QID102_QuestionText,Aşağıdakilerden hangisi kuruluşunuzun reklam öğesi geliştirmek için veri kullanım kapsamını en iyi şekilde açıklar?,
QID102_Choice1,Reklam öğeleri genellikle marka ve ürün ilkelerine dayalı.,
QID102_Choice2,Reklam öğeleri genellikle belirli bir dijital kanaldan ve ileri düzey analizden gelen bulgulara dayalı.,
QID102_Choice3,Reklam öğeleri genellikle alakalı tüm dijital kanallardan ve ileri düzey analizden gelen bulgulara dayalı.,
QID102_Choice4,"Reklam öğeleri genellikle marka ve ürün ilkeleriyle dengeli bir şekilde, dijital ve dijital olmayan kanallardan gelen analizlere dayalı.",
QID106_QuestionText,"Sahip olduğunuz birincil kanallar mobilde ne kadar hızlı yükleniyor (ör. mobil site, yerel uygulama, web uygulaması)?➘<p class=""h-c-footnote"">Bu araçla <a href=""https://testmysite.withgoogle.com/"" target=""_blank"" rel=""noopener"">test yapabilirsiniz.</a></p>",
QID106_Choice1,8 saniye veya daha fazla.,
QID106_Choice2,"8 ile 5,1 saniye arasında.",
QID106_Choice3,"5 ile 3,1 saniye arasında.",
QID106_Choice4,3 saniye veya daha kısa.,
QID107_QuestionText,Sahibi olduğunuz birincil kanallardaki mobil kullanıcı deneyiminiz ne kadar kullanıcı dostu?,
QID107_Choice1,Mobile özel bir deneyim için yatırım yapmadık.,
QID107_Choice2,Temel işlevler mobilde iyi çalışıyor ancak genelde mobil kullanıma optimize değil.,
QID107_Choice3,"Mobil deneyimimiz, tüm unsurlarıyla mobil kullanıcılara uygundur.",
QID107_Choice4,"Deneyimimiz en yeni mobil özelliklere sahiptir (tek oturum açma, Accelerated Mobile Pages, Progresif Web Uygulamaları, Hazır Uygulamalar) ve sınıfının en iyisi sayılmaktadır.",
QID108_QuestionText,"Kuruluşunuz, sahibi olduğunuz birincil kanalınızı özelleştirmek için hangi yöntemleri uyguluyor (ör. web sitesi, yerel uygulama, web uygulaması)?",
QID108_Choice1,Site kişiselleştirme kullanmıyoruz.,
QID108_Choice2,Birkaç müşteri segmentine dayalı basit site düzeyi kişiselleştirme (ör. yeni ve oturum açmış kullanıcılar).,
QID108_Choice3,Çerezli geçmiş verilerine ve gerçek zamanlı tahmine dayalı modellemeye dayalı devamlı test kullanan gelişmiş site düzeyi kişiselleştirme (ör. ürün önerme). Birincil olarak online veri kullanılıyor.,
QID108_Choice4,Çerezli geçmiş verilerine ve gerçek zamanlı tahmine dayalı modellemeye dayalı devamlı test kullanan gelişmiş site düzeyi kişiselleştirme (ör. ürün önerme). Online ve çevrimdışı veriler kullanılıyor (ör. sistem veya perakende bağlılık programları).,
QID109_QuestionText,"Kuruluşunuz, Görüntülü Reklam Ağı'nda kullanıcılara mesaj gönderirken ne ölçüde özelleştirme yapıyor?",
QID109_Choice1,Bu kanalı kullanmıyoruz veya tüm kullanıcılara aynı mesajı yayınlıyoruz.,
QID109_Choice2,Mesajlar geniş segment türleri için özel olarak hazırlanıyor (ör. mevcut müşteriler ve potansiyel müşteriler).,
QID109_Choice3,Mesajlar mevcut tüm segmentler için özel olarak hazırlanıyor.,
QID109_Choice4,Mesajlar mevcut tüm segmentler ve konum ya da günün saati gibi girdiler için özel olarak hazırlanıyor.,
QID110_QuestionText,"Kuruluşunuz, Video kampanyalarında kullanıcılara mesaj gönderirken ne ölçüde özelleştirme yapıyor?",
QID110_Choice1,Bu kanalı kullanmıyoruz veya tüm kullanıcılara aynı mesajı yayınlıyoruz.,
QID110_Choice2,Mesajlar geniş segment türleri için özel olarak hazırlanıyor (ör. mevcut müşteriler ve potansiyel müşteriler).,
QID110_Choice3,Mesajlar mevcut tüm segmentler için özel olarak hazırlanıyor.,
QID110_Choice4,Mesajlar mevcut tüm segmentler ve konum ya da günün saati gibi girdiler için özel olarak hazırlanıyor.,
QID112_QuestionText,"Kuruluşunuz, Arama Ağı'nda kullanıcılara mesaj gönderirken ne ölçüde özelleştirme yapıyor?",
QID112_Choice1,Bu kanalı kullanmıyoruz veya tüm kullanıcılara aynı mesajı yayınlıyoruz.,
QID112_Choice2,Mesajlar geniş segment türleri için özel olarak hazırlanıyor (ör. mevcut müşteriler ve potansiyel müşteriler).,
QID112_Choice3,Mesajlar mevcut tüm segmentler için özel olarak hazırlanıyor.,
QID112_Choice4,Mesajlar mevcut tüm segmentler ve konum ya da günün saati gibi girdiler için özel olarak hazırlanıyor.,
QID113_QuestionText,"Kuruluşunuz, sosyal medya kampanyalarında kullanıcılara mesaj gönderirken ne ölçüde özelleştirme yapıyor?",
QID113_Choice1,Bu kanalı kullanmıyoruz veya tüm kullanıcılara aynı mesajı yayınlıyoruz.,
QID113_Choice2,Mesajlar geniş segment türleri için özel olarak hazırlanıyor (ör. mevcut müşteriler ve potansiyel müşteriler).,
QID113_Choice3,Mesajlar mevcut tüm segmentler için özel olarak hazırlanıyor.,
QID113_Choice4,Mesajlar mevcut tüm segmentler ve konum ya da günün saati gibi girdiler için özel olarak hazırlanıyor.,
QID114_QuestionText,"Kuruluşunuz, e-posta kampanyalarında kullanıcılara mesaj gönderirken ne ölçüde özelleştirme yapıyor?",
QID114_Choice1,Bu kanalı kullanmıyoruz veya tüm kullanıcılara aynı mesajı yayınlıyoruz.,
QID114_Choice2,Mesajlar geniş segment türleri için özel olarak hazırlanıyor (ör. mevcut müşteriler ve potansiyel müşteriler).,
QID114_Choice3,Mesajlar mevcut tüm segmentler için özel olarak hazırlanıyor.,
QID114_Choice4,Mesajlar mevcut tüm segmentler ve konum ya da günün saati gibi girdiler için özel olarak hazırlanıyor.,
QID115_QuestionText,"Çevrimdışı dünyadaki deneyimleri (ör. mağazada, etkinliklerde veya çağrı merkezlerinde) iyileştirmek için online öğelerinizden elde ettiğiniz analizlerden nasıl yararlanıyorsunuz?",
QID115_Choice1,Online öğe analizleri sınırlı bir şekilde kullanılıyor ya da hiç kullanılmıyor.,
QID115_Choice2,Online kanallardan elde edilen analizleri ara sıra çevrimdışı ekiplerle paylaşırız.,
QID115_Choice3,Kullanıcıların online öğelerden çevrimdışı temas noktalarına geçişlerinde deneyimlerini geliştiren etkili işlemlere sahibiz.,
QID115_Choice4,Etkili işlemlerin yanı sıra online ve çevrimdışı sistemlerimiz birbirine bağlı (ör. web analiz verilerini kullanarak özelleştirilmiş mağaza içi deneyimleri sunmak).,